code,indicateurId,chart,Indicateur disponible,ODD,Cible
1,1.1.1,,Oui,ODD 1 : Éliminer la pauvreté sous toutes ses formes,"1.1 D’ici à 2030, éliminer complètement l’extrême pauvreté dans le monde entier (s’entend actuellement du fait de vivre avec moins de 5,7 dollar par jour)"
1,1.2.1,bar,Oui,ODD 1 : Éliminer la pauvreté sous toutes ses formes,"1.2 D’ici à 2030, réduire de moitié au moins la proportion d’hommes, de femmes et d’enfants de tous âges souffrant d’une forme ou l’autre de pauvreté, telle que définie par chaque pays"
1,1.3.1,line,Oui,ODD 1 : Éliminer la pauvreté sous toutes ses formes,"1.3 Mettre en place des systèmes et mesures de protection sociale pour tous, adaptés au contexte national, y compris des socles de protection sociale, et faire en sorte que, d’ici à 2030, une part importante des pauvres et des personnes vulnérables en bénéficient"
1,1.4.1,bar,Oui,ODD 1 : Éliminer la pauvreté sous toutes ses formes,"1.4 D’ici à 2030, faire en sorte que tous les hommes et les femmes, en particulier les pauvres et les personnes vulnérables, aient les mêmes droits aux ressources économiques et qu’ils aient accès aux services de base, à la propriété foncière, au contrôle des terres et à d’autres formes de propriété, à l’héritage, aux ressources naturelles et à des nouvelles technologies et des services financiers adaptés à leurs besoins, y compris la microfinance"
1,1.5.1,,Non,ODD 1 : Éliminer la pauvreté sous toutes ses formes,"1.5 D’ici à 2030, renforcer la résilience des pauvres et des personnes en situation vulnérable et réduire leur exposition aux phénomènes climatiques extrêmes et à d’autres chocs et catastrophes d’ordre économique, social ou environnemental et leur vulnérabilité"
1,1.5.4,,Non,ODD 1 : Éliminer la pauvreté sous toutes ses formes,"1.5 D’ici à 2030, renforcer la résilience des pauvres et des personnes en situation vulnérable et réduire leur exposition aux phénomènes climatiques extrêmes et à d’autres chocs et catastrophes d’ordre économique, social ou environnemental et leur vulnérabilité"
1,1.a.2,,Oui,ODD 1 : Éliminer la pauvreté sous toutes ses formes,"1.a Garantir une mobilisation importante de ressources provenant de sources multiples, y compris par le renforcement de la coopération pour le développement, afin de doter les pays en développement, en particulier les pays les moins avancés, de moyens adéquats et prévisibles de mettre en œuvre des programmes et politiques visant à mettre fin à la pauvreté sous toutes ses formes"
1,1.b.1,line,Oui,ODD 1 : Éliminer la pauvreté sous toutes ses formes,"1.b Mettre en place aux niveaux national, régional et international des cadres d’action viables, fondés sur des stratégies de développement favorables aux pauvres et soucieuses de la problématique hommes-femmes, afin d’accélérer l’investissement dans des mesures d’élimination de la pauvreté"
2,2.1.1,line,Oui,"ODD 2 : Éliminer la faim, assurer la sécurité alimentaire, améliorer la nutrition et promouvoir  l’agriculture durable","2.1 D’ici à 2030, éliminer la faim et faire en sorte que chacun, en particulier les pauvres et les personnes en situation vulnérable, y compris les nourrissons, ait accès toute l’année à une alimentation saine, nutritive et suffisante"
2,2.1.2,,Non,"ODD 2 : Éliminer la faim, assurer la sécurité alimentaire, améliorer la nutrition et promouvoir  l’agriculture durable","2.1 D’ici à 2030, éliminer la faim et faire en sorte que chacun, en particulier les pauvres et les personnes en situation vulnérable, y compris les nourrissons, ait accès toute l’année à une alimentation saine, nutritive et suffisante"
2,2.2.1,lineGroupDouble,Oui,"ODD 2 : Éliminer la faim, assurer la sécurité alimentaire, améliorer la nutrition et promouvoir  l’agriculture durable","2.2 D’ici à 2030, mettre fin à toutes les formes de malnutrition, y compris en atteignant d’ici à 2025 les objectifs arrêtés à l’échelle internationale relatifs aux retards de croissance et à l’émaciation chez les enfants de moins de 5 ans, et répondre aux besoins nutritionnels des adolescentes, des femmes enceintes ou allaitantes et des personnes âgées"
2,2.2.2,lineGroupDouble,Oui,"ODD 2 : Éliminer la faim, assurer la sécurité alimentaire, améliorer la nutrition et promouvoir  l’agriculture durable","2.2 D’ici à 2030, mettre fin à toutes les formes de malnutrition, y compris en atteignant d’ici à 2025 les objectifs arrêtés à l’échelle internationale relatifs aux retards de croissance et à l’émaciation chez les enfants de moins de 5 ans, et répondre aux besoins nutritionnels des adolescentes, des femmes enceintes ou allaitantes et des personnes âgées"
2,2.2.3,,Oui,"ODD 2 : Éliminer la faim, assurer la sécurité alimentaire, améliorer la nutrition et promouvoir  l’agriculture durable","2.2 D’ici à 2030, mettre fin à toutes les formes de malnutrition, y compris en atteignant d’ici à 2025 les objectifs arrêtés à l’échelle internationale relatifs aux retards de croissance et à l’émaciation chez les enfants de moins de 5 ans, et répondre aux besoins nutritionnels des adolescentes, des femmes enceintes ou allaitantes et des personnes âgées"
2,2.3.1,bar,Oui,"ODD 2 : Éliminer la faim, assurer la sécurité alimentaire, améliorer la nutrition et promouvoir  l’agriculture durable","2.3 D’ici à 2030, doubler la productivité agricole et les revenus des petits producteurs alimentaires, en particulier des femmes, des autochtones, des exploitants familiaux, des éleveurs et des pêcheurs, y compris en assurant l’égalité d’accès aux terres, aux autres ressources productives et facteurs de production, au savoir, aux services financiers, aux marchés et aux possibilités d’ajout de valeur et d’emplois autres qu’agricoles"
2,2.3.2,,Oui,"ODD 2 : Éliminer la faim, assurer la sécurité alimentaire, améliorer la nutrition et promouvoir  l’agriculture durable","2.3 D’ici à 2030, doubler la productivité agricole et les revenus des petits producteurs alimentaires, en particulier des femmes, des autochtones, des exploitants familiaux, des éleveurs et des pêcheurs, y compris en assurant l’égalité d’accès aux terres, aux autres ressources productives et facteurs de production, au savoir, aux services financiers, aux marchés et aux possibilités d’ajout de valeur et d’emplois autres qu’agricoles"
2,2.4.1,,Oui,"ODD 2 : Éliminer la faim, assurer la sécurité alimentaire, améliorer la nutrition et promouvoir  l’agriculture durable","2.4 D’ici à 2030, assurer la viabilité des systèmes de production alimentaire et mettre en œuvre des pratiques agricoles résilientes qui permettent d’accroître la productivité et la production, contribuent à la préservation des écosystèmes, renforcent la capacité d’adaptation aux changements climatiques, aux phénomènes météorologiques extrêmes, à la sécheresse, aux inondations et à d’autres catastrophes et améliorent progressivement la qualité des terres et des sols  "
2,2.5.1,,Non,"ODD 2 : Éliminer la faim, assurer la sécurité alimentaire, améliorer la nutrition et promouvoir  l’agriculture durable","2.5. Préserver la diversité génétique des semences, des cultures et des animaux d’élevage ou domestiqués et des espèces sauvages apparentées d’ici à 2020."
2,2.5.2,,Non,"ODD 2 : Éliminer la faim, assurer la sécurité alimentaire, améliorer la nutrition et promouvoir  l’agriculture durable","2.5. Préserver la diversité génétique des semences, des cultures et des animaux d’élevage ou domestiqués et des espèces sauvages apparentées d’ici à 2020."
3,3.1.1,line,Oui,ODD 3 : Permettre à tous de vivre en bonne santé et promouvoir le bien-être de tous à tout âge ,"3.1 D’ici à 2030, faire passer le taux mondial de mortalité maternelle au-dessous de 70 pour 100 000 naissances vivantes"
3,3.1.2,bar,Oui,ODD 3 : Permettre à tous de vivre en bonne santé et promouvoir le bien-être de tous à tout âge ,"3.1 D’ici à 2030, faire passer le taux mondial de mortalité maternelle au-dessous de 70 pour 100 000 naissances vivantes"
3,3.2.1,lineGroup,Oui,ODD 3 : Permettre à tous de vivre en bonne santé et promouvoir le bien-être de tous à tout âge ,"3.2 D’ici à 2030, éliminer les décès évitables de nouveau-nés et d’enfants de moins de 5 ans, tous les pays devant chercher à ramener la mortalité néonatale à 12 pour 1 000 naissances vivantes au plus et la mortalité des enfants de moins de 5 ans à 25 pour 1 000 naissances vivantes au plus"
3,3.2.2,bar,Oui,ODD 3 : Permettre à tous de vivre en bonne santé et promouvoir le bien-être de tous à tout âge ,"3.2 D’ici à 2030, éliminer les décès évitables de nouveau-nés et d’enfants de moins de 5 ans, tous les pays devant chercher à ramener la mortalité néonatale à 12 pour 1 000 naissances vivantes au plus et la mortalité des enfants de moins de 5 ans à 25 pour 1 000 naissances vivantes au plus"
3,3.3.1,lineGroup,Oui,ODD 3 : Permettre à tous de vivre en bonne santé et promouvoir le bien-être de tous à tout âge ,"3.3 D’ici à 2030, mettre fin à l’épidémie de sida, à la tuberculose, au paludisme et aux maladies tropicales négligées et combattre l’hépatite, les maladies transmises par l’eau et autres maladies transmissibles"
3,3.3.2,line,Oui,ODD 3 : Permettre à tous de vivre en bonne santé et promouvoir le bien-être de tous à tout âge ,"3.3 D’ici à 2030, mettre fin à l’épidémie de sida, à la tuberculose, au paludisme et aux maladies tropicales négligées et combattre l’hépatite, les maladies transmises par l’eau et autres maladies transmissibles"
3,3.3.3,line,Oui,ODD 3 : Permettre à tous de vivre en bonne santé et promouvoir le bien-être de tous à tout âge ,"3.3 D’ici à 2030, mettre fin à l’épidémie de sida, à la tuberculose, au paludisme et aux maladies tropicales négligées et combattre l’hépatite, les maladies transmises par l’eau et autres maladies transmissibles"
3,3.3.4,,Oui,ODD 3 : Permettre à tous de vivre en bonne santé et promouvoir le bien-être de tous à tout âge ,"3.3 D’ici à 2030, mettre fin à l’épidémie de sida, à la tuberculose, au paludisme et aux maladies tropicales négligées et combattre l’hépatite, les maladies transmises par l’eau et autres maladies transmissibles"
3,3.3.5,,Non,ODD 3 : Permettre à tous de vivre en bonne santé et promouvoir le bien-être de tous à tout âge ,"3.3 D’ici à 2030, mettre fin à l’épidémie de sida, à la tuberculose, au paludisme et aux maladies tropicales négligées et combattre l’hépatite, les maladies transmises par l’eau et autres maladies transmissibles"
3,3.4.1,,Non,ODD 3 : Permettre à tous de vivre en bonne santé et promouvoir le bien-être de tous à tout âge ,"3.4 réduire d’un tiers, par la prévention et le traitement, le taux de mortalité prématurée due à des maladies non transmissibles et promouvoir la santé mentale et le bien-être."
3,3.4.2,,Non,ODD 3 : Permettre à tous de vivre en bonne santé et promouvoir le bien-être de tous à tout âge ,"3.4 réduire d’un tiers, par la prévention et le traitement, le taux de mortalité prématurée due à des maladies non transmissibles et promouvoir la santé mentale et le bien-être."
3,3.6.1,,Non,ODD 3 : Permettre à tous de vivre en bonne santé et promouvoir le bien-être de tous à tout âge ,3.6 diminuer de moitié à l’échelle mondiale le nombre de décès et de blessures dus à des accidents de la route.
3,3.7.1,line,Oui,ODD 3 : Permettre à tous de vivre en bonne santé et promouvoir le bien-être de tous à tout âge ,3.7 assurer l’accès de tous à des services de soins de santé sexuelle et procréative.
3,3.7.2,barGroup,Oui,ODD 3 : Permettre à tous de vivre en bonne santé et promouvoir le bien-être de tous à tout âge ,3.7 assurer l’accès de tous à des services de soins de santé sexuelle et procréative.
3,3.8.1,line,Oui,ODD 3 : Permettre à tous de vivre en bonne santé et promouvoir le bien-être de tous à tout âge ,3.8 Faire en sorte que chacun bénéficie d’une couverture sanitaire universelle.
3,3.8.2,,Oui,ODD 3 : Permettre à tous de vivre en bonne santé et promouvoir le bien-être de tous à tout âge ,3.8 Faire en sorte que chacun bénéficie d’une couverture sanitaire universelle.
3,3.c.1,lineGroup,Oui,ODD 3 : Permettre à tous de vivre en bonne santé et promouvoir le bien-être de tous à tout âge ,"3.c Accroître considérablement le budget de la santé et le recrutement, le perfectionnement, la formation et le maintien en poste du personnel de santé."
3,3.d.1,,Non,ODD 3 : Permettre à tous de vivre en bonne santé et promouvoir le bien-être de tous à tout âge ,"3.d Renforcer les moyens en matière d’alerte rapide, de réduction des risques et de gestion des risques sanitaires nationaux et mondiaux."
4,4.1.1,bar,Oui,"ODD 4 : Assurer à tous une éducation équitable, inclusive et de qualité et des possibilités d’apprentissage tout au long de la vie","4.1 D’ici à 2030, faire en sorte que toutes les filles et tous les garçons suivent, sur un pied d’égalité, un cycle complet d’enseignement primaire et secondaire gratuit et de qualité, les dotant d’acquis véritablement utiles"
4,4.1.2,barGroup,Oui,"ODD 4 : Assurer à tous une éducation équitable, inclusive et de qualité et des possibilités d’apprentissage tout au long de la vie","4.1 D’ici à 2030, faire en sorte que toutes les filles et tous les garçons suivent, sur un pied d’égalité, un cycle complet d’enseignement primaire et secondaire gratuit et de qualité, les dotant d’acquis véritablement utiles"
4,4.2.1,,Non,"ODD 4 : Assurer à tous une éducation équitable, inclusive et de qualité et des possibilités d’apprentissage tout au long de la vie","4.2 D’ici à 2030, faire en sorte que toutes les filles et tous les garçons aient accès à des services de développement et de prise en charge de la petite enfance et à une éducation préscolaire de qualité qui les préparent à suivre un enseignement primaire plus"
4,4.2.2,,Non,"ODD 4 :Assurer à tous une éducation équitable, inclusive et de qualité et des possibilités d’apprentissage tout au long de la vie","4.2 D’ici à 2030, faire en sorte que toutes les filles et tous les garçons aient accès à des services de développement et de prise en charge de la petite enfance et à une éducation préscolaire de qualité qui les préparent à suivre un enseignement primaire plus"
4,4.3.1,,Non,"ODD 4 : Assurer à tous une éducation équitable, inclusive et de qualité et des possibilités d’apprentissage tout au long de la vie","4.3 D’ici à 2030, faire en sorte que toutes les femmes et tous les hommes aient accès dans des conditions d’égalité à un enseignement technique, professionnel ou tertiaire, y compris universitaire, de qualité et d’un coût abordable"
4,4.5.1,bar,Oui,"ODD 4 : Assurer à tous une éducation équitable, inclusive et de qualité et des possibilités d’apprentissage tout au long de la vie","4.5 D’ici à 2030, éliminer les inégalités entre les sexes dans le domaine de l’éducation et assurer l’égalité d’accès des personnes vulnérables, y compris les personnes handicapées, les autochtones et les enfants en situation vulnérable, à tous les niveaux d’enseignement et de formation professionnelle"
4,4.6.1,,Non,"ODD 4 : Assurer à tous une éducation équitable, inclusive et de qualité et des possibilités d’apprentissage tout au long de la vie","4.6 D’ici à 2030, faire en sorte que tous les jeunes et une proportion considérable d’adultes, hommes et femmes, sachent lire, écrire et compter"
4,4.a.1,barGroup,Oui,"ODD 4 : Assurer à tous une éducation équitable, inclusive et de qualité et des possibilités d’apprentissage tout au long de la vie",4.a text missing!!
4,4.b.1,,Non,"ODD 4 : Assurer à tous une éducation équitable, inclusive et de qualité et des possibilités d’apprentissage tout au long de la vie","4.b D’ici à 2020, augmenter nettement à l’échelle mondiale le nombre de bourses d’études offertes à des étudiants des pays en développement, en particulier des pays les moins avancés, des petits États insulaires en développement et des pays d’Afrique, pour leur permettre de suivre des études supérieures, y compris une formation professionnelle, des cursus informatiques, techniques et scientifiques et des études d’ingénieur, dans des pays développés et d’autres pays en développement"
4,4.c.1,barGroup,Oui,"ODD 4 : Assurer à tous une éducation équitable, inclusive et de qualité et des possibilités d’apprentissage tout au long de la vie","4.c D’ici à 2030, accroître nettement le nombre d’enseignants qualifiés, notamment au moyen de la coopération internationale pour la formation d’enseignants dans les pays en développement, surtout dans les pays les moins avancés et les petits États insulaires en développement"
5,5.1.1,,Oui,ODD 5 : Assurer l’égalité des sexes et l’autonomisation des Femmes et Filles. ,"5.1 Mettre fin, partout dans le monde, à toutes les formes de discrimination à l’égard des femmes et des filles"
5,5.2.1,,Non,ODD 5 : Assurer l’égalité des sexes et l’autonomisation des Femmes et Filles. ,"5.2 Éliminer de la vie publique et de la vie privée toutes les formes de violence faite aux femmes et aux filles, y compris la traite et l’exploitation sexuelle et d’autres types d’exploitation"
5,5.3.1,,Non,ODD 5 : Assurer l’égalité des sexes et l’autonomisation des Femmes et Filles. ,"5.3 Éliminer toutes les pratiques préjudiciables, telles que le mariage des enfants, le mariage précoce ou forcé et la mutilation génitale féminine"
5,5.4.1,,Non,ODD 5 : Assurer l’égalité des sexes et l’autonomisation des Femmes et Filles. ,"5.4 Prendre en compte et valoriser les soins et travaux domestiques non rémunérés, par la mise en place de services publics, d’infrastructures et de politiques de protection sociale et par la promotion du partage des responsabilités dans le ménage et la famille, en fonction du contexte national"
5,5.5.1,lineGroup,Oui,ODD 5 : Assurer l’égalité des sexes et l’autonomisation des Femmes et Filles. ,"5.5 Veiller à ce que les femmes participent pleinement et effectivement aux fonctions de direction à tous les niveaux de décision, dans la vie politique, économique et publique, et y accèdent sur un pied d’égalité"
5,5.5.2,,Non,ODD 5 : Assurer l’égalité des sexes et l’autonomisation des Femmes et Filles. ,"5.5 Veiller à ce que les femmes participent pleinement et effectivement aux fonctions de direction à tous les niveaux de décision, dans la vie politique, économique et publique, et y accèdent sur un pied d’égalité"
5,5.6.1,,Oui,ODD 5 : Assurer l’égalité des sexes et l’autonomisation des Femmes et Filles. ,"5.6 Assurer l’accès de tous aux soins de santé sexuelle et procréative et faire en sorte que chacun puisse exercer ses droits en matière de procréation, ainsi qu’il a été décidé dans le Programme d’action de la Conférence internationale sur la population et le développement et le Programme d’action de Beijing et les documents finals des conférences d’examen qui ont suivi"
5,Proportion,,Non,ODD 5 : Assurer l’égalité des sexes et l’autonomisation des Femmes et Filles. ,"5.3 Éliminer toutes les pratiques préjudiciables, telles que le mariage des enfants, le mariage précoce ou forcé et la mutilation génitale féminine"
5,Proportion,,Non,ODD 5 : Assurer l’égalité des sexes et l’autonomisation des Femmes et Filles. ,"5.3 Éliminer toutes les pratiques préjudiciables, telles que le mariage des enfants, le mariage précoce ou forcé et la mutilation génitale féminine"
5,5.a.1,bar,Oui,ODD 5 : Assurer l’égalité des sexes et l’autonomisation des Femmes et Filles. ,"5.a Entreprendre des réformes visant à donner aux femmes les mêmes droits aux ressources économiques, ainsi que l’accès à la propriété et au contrôle des terres et d’autres formes de propriété, aux services financiers, à l’héritage et aux ressources naturelles, dans le respect de la législation interne"
5,5.b.1,bar,Oui,ODD 5 : Assurer l’égalité des sexes et l’autonomisation des Femmes et Filles. ,"5.b Renforcer l’utilisation des technologies clefs, en particulier de l’informatique et des communications, pour favoriser l’autonomisation des femmes"
6,6.1.1,barGroup,Oui,ODD 6 : Garantir l’accès de tous à des services d’alimentation en eau et d’assainissement gérés de façon durable.,"6.1 D’ici à 2030, assurer l’accès universel et équitable à l’eau potable, à un coût abordable"
6,6.2.1,bar,Oui,ODD 6 : Garantir l’accès de tous à des services d’alimentation en eau et d’assainissement gérés de façon durable.,"6.2 D’ici à 2030, assurer l’accès de tous, dans des conditions équitables, à des services d’assainissement et d’hygiène adéquats et mettre fin à la défécation en plein air, en accordant une attention particulière aux besoins des femmes et des filles et des personnes en situation vulnérable"
6,6.4.1,,Non,ODD 6 : Garantir l’accès de tous à des services d’alimentation en eau et d’assainissement gérés de façon durable.,"6.4 D’ici à 2030, faire en sorte que les ressources en eau soient utilisées beaucoup plus efficacement dans tous les secteurs et garantir la viabilité des prélèvements et de l’approvisionnement en eau douce afin de remédier à la pénurie d’eau et de réduire nettement le nombre de personnes qui manquent d’eau"
6,6.4.2,,Non,ODD 6 : Garantir l’accès de tous à des services d’alimentation en eau et d’assainissement gérés de façon durable.,"6.4 D’ici à 2030, faire en sorte que les ressources en eau soient utilisées beaucoup plus efficacement dans tous les secteurs et garantir la viabilité des prélèvements et de l’approvisionnement en eau douce afin de remédier à la pénurie d’eau et de réduire nettement le nombre de personnes qui manquent d’eau"
6,6.a.1,,Non,ODD 6 : Garantir l’accès de tous à des services d’alimentation en eau et d’assainissement gérés de façon durable.,"6.a D’ici à 2030, développer la coopération internationale et l’appui au renforcement des capacités des pays en développement en ce qui concerne les activités et programmes relatifs à l’eau et à l’assainissement, y compris la collecte, la désalinisation et l’utilisation rationnelle de l’eau, le traitement des eaux usées, le recyclage et les techniques de réutilisation."
7,7.1.1,lineGroupDouble,Oui,"ODD 7 : Garantir l’accès de tous à des services énergétiques fiables, durables et modernes, à un coût abordable","7.1 D’ici à 2030, garantir l’accès de tous à des services énergétiques fiables et modernes, à un coût abordable"
7,7.1.2,lineGroupDouble,Oui,"ODD 7 : Garantir l’accès de tous à des services énergétiques fiables, durables et modernes, à un coût abordable","7.1 D’ici à 2030, garantir l’accès de tous à des services énergétiques fiables et modernes, à un coût abordable"
7,7.2.1,line,Oui,"ODD 7 : Garantir l’accès de tous à des services énergétiques fiables, durables et modernes, à un coût abordable","7.2 D’ici à 2030, accroître nettement la part de l’énergie renouvelable dans le bouquet énergétique mondial"
7,7.3.1,line,Oui,"ODD 7 : Garantir l’accès de tous à des services énergétiques fiables, durables et modernes, à un coût abordable","7.3 D’ici à 2030, multiplier par deux le taux mondial d’amélioration de l’efficacité énergétique"
7,7.b.1,line,Oui,"ODD 7 : Garantir l’accès de tous à des services énergétiques fiables, durables et modernes, à un coût abordable","7.b D’ici à 2030, développer l’infrastructure et améliorer la technologie afin de fournir des services énergétiques modernes et durables à tous les habitants des pays en développement, en particulier des pays les moins avancés, des petits États insulaires en développement et des pays en développement sans littoral, dans le respect des programmes d’aide qui les concernent. "
8,8.1.1,line,Oui,"ODD 8 : Promouvoir une croissance économique soutenue, partagée et durable, le plein emploi productif et un travail décent pour tous.","8.1 Maintenir un taux de croissance économique par habitant adapté au contexte national et, en particulier, un taux de croissance annuelle du produit intérieur brut d’au moins 7 % dans les pays les moins avancés."
8,8.2.1,line,Oui,"ODD 8 : Promouvoir une croissance économique soutenue, partagée et durable, le plein emploi productif et un travail décent pour tous.","8.2 Parvenir à un niveau élevé de productivité économique par la diversification, la modernisation technologique et l’innovation, notamment en mettant l’accent sur les secteurs à forte valeur ajoutée et à forte intensité de main-d’œuvre"
8,8.3.1,,Oui,"ODD 8 : Promouvoir une croissance économique soutenue, partagée et durable, le plein emploi productif et un travail décent pour tous.","8.2 Parvenir à un niveau élevé de productivité économique par la diversification, la modernisation technologique et l’innovation, notamment en mettant l’accent sur les secteurs à forte valeur ajoutée et à forte intensité de main-d’œuvre"
8,8.4.1,,Non,"ODD 8: Promouvoir une croissance économique soutenue, partagée et durable, le plein emploi productif et un travail décent pour tous.","8.4 Améliorer progressivement, jusqu’en 2030, l’efficacité de l’utilisation des ressources mondiales dans les modes de consommation et de production et s’attacher à dissocier croissance économique et dégradation de l’environnement, comme prévu dans le Cadre décennal de programmation concernant les modes de consommation et de production durables, les pays développés montrant l’exemple en la matière. "
8,8.4.2,,Non,"ODD 8 : Promouvoir une croissance économique soutenue, partagée et durable, le plein emploi productif et un travail décent pour tous.",
8,8.5.2,bar,Oui,"ODD 8 : Promouvoir une croissance économique soutenue, partagée et durable, le plein emploi productif et un travail décent pour tous.","8.5 D’ici à 2030, parvenir au plein emploi productif et garantir à toutes les femmes et à tous les hommes, y compris les jeunes et les personnes handicapées, un travail décent et un salaire égal pour un travail de valeur égale. "
8,8.6.1,bar,Oui,"ODD 8 : Promouvoir une croissance économique soutenue, partagée et durable, le plein emploi productif et un travail décent pour tous.","8.6 D’ici à 2020, réduire nettement la proportion de jeunes non scolarisés et sans emploi ni formation. "
8,8.7.1,,Non,"ODD 8 : Promouvoir une croissance économique soutenue, partagée et durable, le plein emploi productif et un travail décent pour tous.","8.7 Prendre des mesures immédiates et efficaces pour supprimer le travail forcé, mettre fin à l’esclavage moderne et à la traite d’êtres humains, interdire et éliminer les pires formes de travail des enfants, y compris le recrutement et l’utilisation d’enfants soldats, et, d’ici à 2025, mettre fin au travail des enfants sous toutes ses formes."
8,8.8.1,,Non,"ODD 8 : Promouvoir une croissance économique soutenue, partagée et durable, le plein emploi productif et un travail décent pour tous.","8.8 Défendre les droits des travailleurs, promouvoir la sécurité sur le lieu de travail et assurer la protection de tous les travailleurs, y compris les migrants, en particulier les femmes, et ceux qui ont un emploi précaire. "
8,8.8.2,,Non,"ODD 8 : Promouvoir une croissance économique soutenue, partagée et durable, le plein emploi productif et un travail décent pour tous.","8.8 Défendre les droits des travailleurs, promouvoir la sécurité sur le lieu de travail et assurer la protection de tous les travailleurs, y compris les migrants, en particulier les femmes, et ceux qui ont un emploi précaire. "
8,8.9.1,,Oui,"ODD 8 : Promouvoir une croissance économique soutenue, partagée et durable, le plein emploi productif et un travail décent pour tous.","8.9 D’ici à 2030, élaborer et mettre en œuvre des politiques visant à développer un tourisme durable qui crée des emplois et met en valeur la culture et les produits locaux"
8,8.9.2,list,Oui,"ODD 8 : Promouvoir une croissance économique soutenue, partagée et durable, le plein emploi productif et un travail décent pour tous.","8.9 D’ici à 2030, élaborer et mettre en œuvre des politiques visant à développer un tourisme durable qui crée des emplois et met en valeur la culture et les produits locaux"
8,8.10.1,bar,Oui,"ODD 8 : Promouvoir une croissance économique soutenue, partagée et durable, le plein emploi productif et un travail décent pour tous.",8.10 Renforcer la capacité des institutions financières nationales de favoriser et généraliser l’accès de tous aux services bancaires et financiers et aux services d’assurance
8,8.10.2,bar,Oui,"ODD 8 : Promouvoir une croissance économique soutenue, partagée et durable, le plein emploi productif et un travail décent pour tous.",8.10 Renforcer la capacité des institutions financières nationales de favoriser et généraliser l’accès de tous aux services bancaires et financiers et aux services d’assurance
8,8.b.1,,Oui,"ODD 8 : Promouvoir une croissance économique soutenue, partagée et durable, le plein emploi productif et un travail décent pour tous.","8.b D’ici à 2020, élaborer et mettre en œuvre une stratégie mondiale en faveur de l’emploi des jeunes et appliquer le Pacte mondial pour l’emploi de l’Organisation internationale du Travail. "
9,9.1.1,,Non,"ODD 9 : Bâtir une infrastructure résiliente, promouvoir une industrialisation durable qui profite à tous et encourager l’innovation.","9.1 Mettre en place une infrastructure de qualité, fiable, durable et résiliente, y compris une infrastructure régionale et transfrontière, pour favoriser le développement économique et le bien-être de l’être humain, en privilégiant un accès universel, financièrement abordable et équitable. "
9,9.1.2,lineGroup,Oui,"ODD 9 : Bâtir une infrastructure résiliente, promouvoir une industrialisation durable qui profite à tous et encourager l’innovation.","9.1 Mettre en place une infrastructure de qualité, fiable, durable et résiliente, y compris une infrastructure régionale et transfrontière, pour favoriser le développement économique et le bien-être de l’être humain, en privilégiant un accès universel, financièrement abordable et équitable. "
9,9.2.1,line,Oui,"ODD 9 : Bâtir une infrastructure résiliente, promouvoir une industrialisation durable qui profite à tous et encourager l’innovation.","9.2 Promouvoir une industrialisation durable qui profite à tous et, d’ici à 2030."
9,9.2.2,,Oui,"ODD 9 : Bâtir une infrastructure résiliente, promouvoir une industrialisation durable qui profite à tous et encourager l’innovation.","9.2 Promouvoir une industrialisation durable qui profite à tous et, d’ici à 2030."
9,9.3.1,,Non,"ODD 9 : Bâtir une infrastructure résiliente, promouvoir une industrialisation durable qui profite à tous et encourager l’innovation.","9.3 Accroître, en particulier dans les pays en développement, l’accès des entreprises, notamment des petites entreprises industrielles, aux services financiers, y compris aux prêts consentis à des conditions abordables, et leur intégration aux chaînes de valeur et aux marchés. "
9,9.3.2,,Non,"ODD 9 : Bâtir une infrastructure résiliente, promouvoir une industrialisation durable qui profite à tous et encourager l’innovation.","9.3 Accroître, en particulier dans les pays en développement, l’accès des entreprises, notamment des petites entreprises industrielles, aux services financiers, y compris aux prêts consentis à des conditions abordables, et leur intégration aux chaînes de valeur et aux marchés. "
9,9.4.1,bar,Oui,"ODD 9 : Bâtir une infrastructure résiliente, promouvoir une industrialisation durable qui profite à tous et encourager l’innovation.","9.4. D’ici à 2030, moderniser l’infrastructure et adapter les industries afin de les rendre durables."
9,9.c.1,lineGroup,Oui,"ODD 9 : Bâtir une infrastructure résiliente, promouvoir une industrialisation durable qui profite à tous et encourager l’innovation.",9.c Accroître nettement l’accès aux technologies de l'information et de communication et faire en sorte que tous les habitants des pays les moins avancés aient accès à internet à un coût abordable d'ici à 2020
10,10.1.1,,Non,ODD 10 : Réduire les inégalités dans les pays et d’un pays à l’autre,"10.1 D’ici à 2030, assurer progressivement et durablement une croissance des revenus des 40 % de la population les plus pauvres à un rythme plus rapide que le revenu moyen national"
10,10.2.1,,Non,ODD 10 : Réduire les inégalités dans les pays et d’un pays à l’autre,"10.2 D’ici à 2030, autonomiser toutes les personnes et favoriser leur intégration sociale, économique et politique, indépendamment de leur âge, de leur sexe, de leur handicap, de leur race, de leur appartenance ethnique, de leurs origines, de leur religion ou de leur statut économique ou autre"
10,10.3.1,,Non,ODD 10 : Réduire les inégalités dans les pays et d’un pays à l’autre,"10.3 Assurer l’égalité des chances et réduire l’inégalité des résultats, notamment en éliminant les lois, politiques et pratiques discriminatoires et en encourageant l’adoption de lois, politiques et mesures adéquates en la matière"
10,10.4.1,line,Oui,ODD 10 : Réduire les inégalités dans les pays et d’un pays à l’autre,"10.4 Adopter des politiques, notamment sur les plans budgétaire, salarial et dans le domaine de la protection sociale, afin de parvenir progressivement à une plus grande égalité"
10,10.5.1,lineGroup,Oui,ODD 10 : Réduire les inégalités dans les pays et d’un pays à l’autre,10.5 Améliorer la réglementation et la surveillance des institutions et marchés financiers mondiaux et renforcer l’application des règles
10,10.7.4,bar,Oui,ODD 10 : Réduire les inégalités dans les pays et d’un pays à l’autre,"10.7 Faciliter la migration et la mobilité de façon ordonnée, sûre, régulière et responsable, notamment par la mise en œuvre de politiques migratoires planifiées et bien gérées"
10,10.b.1,,Non,ODD 10 : Réduire les inégalités dans les pays et d’un pays à l’autre,"10.b Stimuler l’aide publique au développement et les flux financiers, y compris les investissements étrangers directs, en faveur des États qui en ont le plus besoin, en particulier les pays les moins avancés, les pays d’Afrique, les petits États insulaires en développement et les pays en développement sans littoral, conformément à leurs plans et programmes nationaux"
10,10.c.1,,Non,ODD 10 : Réduire les inégalités dans les pays et d’un pays à l’autre,"10.c D’ici à 2030, faire baisser au-dessous de 3 % les coûts de transaction des envois de fonds effectués par les migrants et éliminer les circuits d’envois de fonds dont les coûts sont supérieurs à 5 %"
11,11.1.1,line,Oui,"ODD 11 : Faire en sorte que les villes et établissements humains soient ouverts à tous, sûrs, résilients et durables.","11.1 D’ici à 2030, assurer l’accès de tous à un logement et des services de base adéquats et sûrs, à un coût abordable, et assainir les quartiers de taudis"
11,11.2.1,,Non,"ODD 11 : Faire en sorte que les villes et établissements humains soient ouverts à tous, sûrs, résilients et durables.","11.2 D’ici à 2030, assurer l’accès de tous à des systèmes de transport sûrs, accessibles et viables, à un coût abordable, en améliorant la sécurité routière, notamment en développant les transports publics, une attention particulière devant être accordée aux besoins des personnes en situation vulnérable, des femmes, des enfants, des personnes handicapées et des personnes âgées"
11,11.3.1,line,Oui,"ODD 11 : Faire en sorte que les villes et établissements humains soient ouverts à tous, sûrs, résilients et durables.",11.3 Text missing!
11,11.4.1,,Non,"ODD 11 : Faire en sorte que les villes et établissements humains soient ouverts à tous, sûrs, résilients et durables.",11.4 Redoubler d’efforts pour protéger et préserver le patrimoine culturel et naturel mondial
11,11.5.1,lineGroup,Oui,"ODD 11 : Faire en sorte que les villes et établissements humains soient ouverts à tous, sûrs, résilients et durables.","11.5 D’ici à 2030, réduire nettement le nombre de personnes tuées et le nombre de personnes touchées par les catastrophes, y compris celles qui sont liées à l’eau, et réduire nettement la part du produit intérieur brut mondial représentée par les pertes économiques directement imputables à ces catastrophes, l’accent étant mis sur la protection des pauvres et des personnes en situation vulnérable"
11,11.6.1,,Non,"ODD 11 : Faire en sorte que les villes et établissements humains soient ouverts à tous, sûrs, résilients et durables.","11.6 D’ici à 2030, réduire l’impact environnemental négatif des villes par habitant, y compris en accordant une attention particulière à la qualité de l’air et à la gestion, notamment municipale, des déchets"
11,11.6.2,,Non,"ODD 11 :  Faire en sorte que les villes et établissements humains soient ouverts à tous, sûrs, résilients et durables.","11.6 D’ici à 2030, réduire l’impact environnemental négatif des villes par habitant, y compris en accordant une attention particulière à la qualité de l’air et à la gestion, notamment municipale, des déchets"
11,11.7.2,,Non,"ODD 11 : Faire en sorte que les villes et établissements humains soient ouverts à tous, sûrs, résilients et durables.","11.7 D’ici à 2030, assurer l’accès de tous, en particulier des femmes et des enfants, des personnes âgées et des personnes handicapées, à des espaces verts et des espaces publics sûrs"
12,12.6.1,,Non,ODD 12 : Établir des modes de consommation et de production durables,"12.6 Encourager les entreprises, en particulier les grandes entreprises et les sociétés transnationales, à adopter des pratiques viables et à intégrer dans les rapports qu’elles établissent des informations sur la viabilité"
12,12.a.1,,Non,ODD 12 : Établir des modes de consommation et de production durables,12.a Aider les pays en développement à se doter des moyens scientifiques et technologiques qui leur permettent de s’orienter vers des modes de consommation et de production plus durables
12,12.8.1,,Non,ODD 12 : Établir des modes de consommation et de production durables,"12.8 : D’ici à 2030, faire en sorte que toutes les personnes, partout dans le monde, aient les informations et connaissances nécessaires au développement durable et à un style de vie en harmonie avec la nature"
12,12.1.1,,Non,ODD 12 : Établir des modes de consommation et de production durables,"12.1: Mettre en œuvre le Cadre décennal de programmation concernant les modes de consommation et de production durables avec la participation de tous les pays, les pays développés montrant l’exemple en la matière, compte tenu du degré de développement et des capacités des pays en développement"
12,12.4.1,,Non,ODD 12 : Établir des modes de consommation et de production durables,"12.4 D’ici à 2020, parvenir à une gestion écologiquement rationnelle des produits chimiques et de tous les déchets tout au long de leur cycle de vie, conformément aux principes directeurs arrêtés à l’échelle internationale, et réduire nettement leur déversement dans l’air, l’eau et le sol, afin de minimiser leurs effets négatifs sur la santé et l’environnement"
12,12.2.1,,Non,ODD 12 :  Établir des modes de consommation et de production durables,"12.2 : D’ici à 2030, parvenir à une gestion durable et à une utilisation rationnelle des ressources naturelles"
12,12.5.1,,Non,ODD 12 : Établir des modes de consommation et de production durables,"12.5 D’ici à 2030, réduire nettement la production de déchets par la prévention, la réduction, le recyclage et la réutilisation"
12,12.c.1,,Non,ODD 12 : Établir des modes de consommation et de production durables,"12.c Rationaliser les subventions aux combustibles fossiles qui sont source de gaspillage, grâce à l’élimination des distorsions du marché, eu égard au contexte national, y compris au moyen de la restructuration de la fiscalité et de la suppression progressive des subventions préjudiciables qui sont en place, en mettant en évidence leur impact sur l’environnement, en tenant pleinement compte des besoins et de la situation propres aux pays en développement et en réduisant au minimum les éventuels effets négatifs sur le développement de ces pays tout en protégeant les pauvres et les populations concernées"
13,13.1.1,lineGroup,Oui,ODD 13 : Prendre d’urgence des mesures pour lutter contre les changements climatiques et leurs répercussions ,"13.1 Renforcer, dans tous les pays, la résilience et les capacités d’adaptation face aux aléas climatiques et aux catastrophes naturelles liées au climat"
13,13.1.3,,Non,ODD 13 : Prendre d’urgence des mesures pour lutter contre les changements climatiques et leurs répercussions ,"13.1 Renforcer, dans tous les pays, la résilience et les capacités d’adaptation face aux aléas climatiques et aux catastrophes naturelles liées au climat"
13,13.2.1,,Non,ODD 13 : Prendre d’urgence des mesures pour lutter contre les changements climatiques et leurs répercussions ,"13.2 Incorporer des mesures relatives aux changements climatiques dans les politiques, les stratégies et la planification nationales"
13,13.2.2,lineGroup,Oui,ODD 13 : Prendre d’urgence des mesures pour lutter contre les changements climatiques et leurs répercussions ,"13.2 Incorporer des mesures relatives aux changements climatiques dans les politiques, les stratégies et la planification nationales"
13,13.3.1,,Non,ODD 13 : Prendre d’urgence des mesures pour lutter contre les changements climatiques et leurs répercussions ,"13.3 Améliorer l’éducation, la sensibilisation et les capacités individuelles et institutionnelles en ce qui concerne l’adaptation aux changements climatiques, l’atténuation de leurs effets et la réduction de leur impact et les systèmes d’alerte rapide"
14,14.1.1,,Non,"ODD 14 : Conserver et exploiter de manière durable les océans, les mers et les ressources marines aux fins du développement durable","14.1 D’ici à 2025, prévenir et réduire nettement la pollution marine de tous types, en particulier celle résultant des activités terrestres, y compris les déchets en mer et la pollution par les nutriments"
14,14.2.1,,Non,"ODD 14 : Conserver et exploiter de manière durable les océans, les mers et les ressources marines aux fins du développement durable","14.2 D’ici à 2020, gérer et protéger durablement les écosystèmes marins et côtiers, notamment en renforçant leur résilience, afin d’éviter les graves conséquences de leur dégradation et prendre des mesures en faveur de leur restauration pour rétablir la santé et la productivité des océans"
14,14.4.1,,Oui,"ODD 14 : Conserver et exploiter de manière durable les océans, les mers et les ressources marines aux fins du développement durable","14.4 D’ici à 2020, réglementer efficacement la pêche, mettre un terme à la surpêche, à la pêche illicite, non déclarée et non réglementée et aux pratiques de pêche destructrices et exécuter des plans de gestion fondés sur des données scientifiques, l’objectif étant de rétablir les stocks de poissons le plus rapidement possible, au moins à des niveaux permettant d’obtenir un rendement constant maximal compte tenu des caractéristiques biologiques"
14,14.5.1,,Non,"ODD 14 : Conserver et exploiter de manière durable les océans, les mers et les ressources marines aux fins du développement durable","14.5 D’ici à 2020, préserver au moins 10 % des zones marines et côtières, conformément au droit national et international et compte tenu des meilleures informations scientifiques disponibles"
14,14.7.1,line,Oui,"ODD 14 : Conserver et exploiter de manière durable les océans, les mers et les ressources marines aux fins du développement durable","14.7 D’ici à 2030, faire bénéficier plus largement les petits États insulaires en développement et les pays les moins avancés des retombées économiques de l’exploitation durable des ressources marines, notamment grâce à une gestion durable des pêches, de l’aquaculture et du tourisme"
14,14.b.1,list,Oui,"ODD 14 : Conserver et exploiter de manière durable les océans, les mers et les ressources marines aux fins du développement durable",14.b Garantir aux petits pêcheurs l’accès aux ressources marines et aux marchés
15,15.1.1,line,Oui,"ODD 15 : Préserver et restaurer les écosystèmes terrestres, en veillant à les exploiter de façon durable, gérer durablement les forêts, lutter contre la désertification, enrayer et inverser le processus de dégradation des terres et mettre fin à l’appauvrissement de la biodiversité","15.1 D’ici à 2020, garantir la préservation, la restauration et l’exploitation durable des écosystèmes terrestres et des écosystèmes d’eau douce et des services connexes, en particulier des forêts, des zones humides, des montagnes et des zones arides, conformément aux obligations découlant des accords internationaux"
15,15.1.2,line,Oui,"ODD 15 : Préserver et restaurer les écosystèmes terrestres, en veillant à les exploiter de façon durable, gérer durablement les forêts, lutter contre la désertification, enrayer et inverser le processus de dégradation des terres et mettre fin à l’appauvrissement de la biodiversité","15.1 D’ici à 2020, garantir la préservation, la restauration et l’exploitation durable des écosystèmes terrestres et des écosystèmes d’eau douce et des services connexes, en particulier des forêts, des zones humides, des montagnes et des zones arides, conformément aux obligations découlant des accords internationaux"
15,15.2.1,bar,Oui,"ODD 15 : Préserver et restaurer les écosystèmes terrestres, en veillant à les exploiter de façon durable, gérer durablement les forêts, lutter contre la désertification, enrayer et inverser le processus de dégradation des terres et mettre fin à l’appauvrissement de la biodiversité","15.2 D’ici à 2020, promouvoir la gestion durable de tous les types de forêt, mettre un terme à la déforestation, restaurer les forêts dégradées et accroître nettement le boisement et le reboisement au niveau mondial"
15,15.7.1,,Non,"ODD 15 : Préserver et restaurer les écosystèmes terrestres, en veillant à les exploiter de façon durable, gérer durablement les forêts, lutter contre la désertification, enrayer et inverser le processus de dégradation des terres et mettre fin à l’appauvrissement de la biodiversité",15.7 Prendre d’urgence des mesures pour mettre un terme au braconnage et au trafic d’espèces végétales et animales protégées et s’attaquer au problème sous l’angle de l’offre et de la demande 
15,15.9.1,,Non,"ODD 15 : Préserver et restaurer les écosystèmes terrestres, en veillant à les exploiter de façon durable, gérer durablement les forêts, lutter contre la désertification, enrayer et inverser le processus de dégradation des terres et mettre fin à l’appauvrissement de la biodiversité","15.9 D’ici à 2020, intégrer la protection des écosystèmes et de la biodiversité dans la planification nationale, dans les mécanismes de développement, dans les stratégies de réduction de la pauvreté et dans la comptabilité"
15,15.a.1,,Non,"ODD 15 : Préserver et restaurer les écosystèmes terrestres, en veillant à les exploiter de façon durable, gérer durablement les forêts, lutter contre la désertification, enrayer et inverser le processus de dégradation des terres et mettre fin à l’appauvrissement de la biodiversité",15.a Mobiliser des ressources financières de toutes provenances et les augmenter nettement pour préserver la biodiversité et les écosystèmes et les exploiter durablement
16,16.1.1,,Non  ,"ODD 16 : Paix, Justice et Institutions efficaces","16.1 Réduire nettement, partout dans le monde, toutes les formes de violence et les taux de mortalité qui y sont associés"
16,16.1.3,,Non,"ODD 16 : Paix, Justice et Institutions efficaces","16.1 Réduire nettement, partout dans le monde, toutes les formes de violence et les taux de mortalité qui y sont associés"
16,16.1.4,,Oui,"ODD 16 : Paix, Justice et Institutions efficaces","16.1 Réduire nettement, partout dans le monde, toutes les formes de violence et les taux de mortalité qui y sont associés"
16,16.2.1,,Non,"ODD 16 : Paix, Justice et Institutions efficaces","16.2 Mettre un terme à la maltraitance, à l’exploitation et à la traite, et à toutes les formes de violence et de torture dont sont victimes les enfants"
16,16.2.3,,Non,"ODD 16 : Paix, Justice et Institutions efficaces","16.2 Mettre un terme à la maltraitance, à l’exploitation et à la traite, et à toutes les formes de violence et de torture dont sont victimes les enfants"
16,16.3.1,,Non,"ODD 16 : Paix, Justice et Institutions efficaces",16.3 Promouvoir l’état de droit dans l’ordre interne et international et garantir à tous un égal accès à la justice
16,16.3.2,,Oui,"ODD 16 : Paix, Justice et Institutions efficaces",16.3 Promouvoir l’état de droit dans l’ordre interne et international et garantir à tous un égal accès à la justice
16,16.4.1,,Non,"ODD 16 : Paix, Justice et Institutions efficaces","16.4 D’ici à 2030, réduire nettement les flux financiers illicites et le trafic d’armes, renforcer les activités de récupération et de restitution des biens volés et lutter contre toutes les formes de criminalité organisée"
16,16.5.1,,Oui,"ODD 16 : Paix, Justice et Institutions efficaces",16.5 Réduire nettement la corruption et la pratique des pots-de-vin sous toutes leurs formes
16,16.5.2,,Non,"ODD 16 : Paix, Justice et Institutions efficaces",16.5 Réduire nettement la corruption et la pratique des pots-de-vin sous toutes leurs formes
16,16.6.1,,Non,"ODD 16 : Paix, Justice et Institutions efficaces","16.6 Mettre en place des institutions efficaces, responsables et transparentes à tous les niveaux"
16,16.7.2,list,Oui,"ODD 16 : Paix, Justice et Institutions efficaces","16.7 Faire en sorte que le dynamisme, l’ouverture, la participation et la représentation à tous les niveaux caractérisent la prise de décisions"
16,16.9.1,,Oui,"ODD 16 : Paix, Justice et Institutions efficaces","16.9 D’ici à 2030, garantir à tous une identité juridique, notamment grâce à l’enregistrement des naissances"
16,16.10.1,,Oui,"ODD 16 : Paix, Justice et Institutions efficaces","16.10 Garantir l’accès public à l’information et protéger les libertés fondamentales, conformément à la législation nationale et aux accords internationaux"
17,17.1.1,line,Oui,ODD 17 : Renforcer les moyens de mettre en œuvre le Partenariat mondial pour le développement durable et le revitaliser,"17.1 Améliorer, notamment grâce à l’aide internationale aux pays en développement, la mobilisation de ressources nationales en vue de renforcer les capacités nationales de collecte de l’impôt et d’autres recettes "
17,17.1.2,line,Oui,ODD 17 : Renforcer les moyens de mettre en œuvre le Partenariat mondial pour le développement durable et le revitaliser,"17.1 Améliorer, notamment grâce à l’aide internationale aux pays en développement, la mobilisation de ressources nationales en vue de renforcer les capacités nationales de collecte de l’impôt et d’autres recettes "
17,17.3.1,line,Oui,ODD 17 : Renforcer les moyens de mettre en œuvre le Partenariat mondial pour le développement durable et le revitaliser,17.3 Mobiliser des ressources financières supplémentaires de diverses provenances en faveur des pays en développement
17,17.4.1,line,Oui,ODD 17 : Renforcer les moyens de mettre en œuvre le Partenariat mondial pour le développement durable et le revitaliser,"17.4 Aider les pays en développement à assurer la viabilité à long terme de leur dette au moyen de politiques concertées visant à favoriser le financement de la dette, son allégement ou sa restructuration, selon le cas, et réduire le surendettement en réglant le problème de la dette extérieure des pays pauvres très endettés"
17,17.6.1,line,Oui,ODD 17 : Renforcer les moyens de mettre en œuvre le Partenariat mondial pour le développement durable et le revitaliser,"17.6 Renforcer l’accès à la science, à la technologie et à l’innovation et la coopération Nord-Sud et Sud-Sud et la coopération triangulaire régionale."
17,17.8.1,line,Oui,ODD 17 : Renforcer les moyens de mettre en œuvre le Partenariat mondial pour le développement durable et le revitaliser,"17.8 Faire en sorte que la banque de technologies et le mécanisme de renforcement des capacités scientifiques et technologiques et des capacités d’innovation des pays les moins avancés soient pleinement opérationnels d’ici à 2017 et renforcer l’utilisation des technologies clefs, en particulier de l’informatique et des communications"
17,17.10.1,,Non,ODD 17 : Renforcer les moyens de mettre en œuvre le Partenariat mondial pour le développement durable et le revitaliser,"17.10 Promouvoir un système commercial multilatéral universel, réglementé, ouvert, non discriminatoire et équitable sous l’égide de l’Organisation mondiale du commerce."
17,17.13.1,,Oui,ODD 17 : Renforcer les moyens de mettre en œuvre le Partenariat mondial pour le développement durable et le revitaliser,"17.13 Renforcer la stabilité macroéconomique mondiale, notamment en favorisant la coordination et la cohérence des politiques."
17,17.17.1,,Non,ODD 17 : Renforcer les moyens de mettre en œuvre le Partenariat mondial pour le développement durable et le revitaliser,"17.17 Encourager et promouvoir les partenariats publics, les partenariats public-privé et les partenariats avec la société civile, en faisant fond sur l’expérience acquise et les stratégies de financement appliquées en la matière"
17,17.18.1,,Non,ODD 17 : Renforcer les moyens de mettre en œuvre le Partenariat mondial pour le développement durable et le revitaliser,"17.18 D’ici à 2020, apporter un soutien accru au renforcement des capacités des pays en développement en collecte de données."
17,17.19.1,,Non,ODD 17 : Renforcer les moyens de mettre en œuvre le Partenariat mondial pour le développement durable et le revitaliser,"17.19 D’ici à 2030, tirer parti des initiatives existantes pour établir des indicateurs de progrès en matière de développement durable qui viendraient compléter le produit intérieur brut, et appuyer le renforcement des capacités statistiques des pays en développement"
